<?xml version="1.0" encoding="UTF-8"?>
<office:document-content xmlns:office="urn:oasis:names:tc:opendocument:xmlns:office:1.0" xmlns:style="urn:oasis:names:tc:opendocument:xmlns:style:1.0" xmlns:text="urn:oasis:names:tc:opendocument:xmlns:text:1.0" xmlns:table="urn:oasis:names:tc:opendocument:xmlns:table:1.0" xmlns:draw="urn:oasis:names:tc:opendocument:xmlns:drawing:1.0" xmlns:fo="urn:oasis:names:tc:opendocument:xmlns:xsl-fo-compatible:1.0" xmlns:xlink="http://www.w3.org/1999/xlink" xmlns:dc="http://purl.org/dc/elements/1.1/" xmlns:meta="urn:oasis:names:tc:opendocument:xmlns:meta:1.0" xmlns:number="urn:oasis:names:tc:opendocument:xmlns:datastyle:1.0" xmlns:svg="urn:oasis:names:tc:opendocument:xmlns:svg-compatible:1.0" xmlns:chart="urn:oasis:names:tc:opendocument:xmlns:chart:1.0" xmlns:dr3d="urn:oasis:names:tc:opendocument:xmlns:dr3d:1.0" xmlns:math="http://www.w3.org/1998/Math/MathML" xmlns:form="urn:oasis:names:tc:opendocument:xmlns:form:1.0" xmlns:script="urn:oasis:names:tc:opendocument:xmlns:script:1.0" xmlns:ooo="http://openoffice.org/2004/office" xmlns:ooow="http://openoffice.org/2004/writer" xmlns:oooc="http://openoffice.org/2004/calc" xmlns:dom="http://www.w3.org/2001/xml-events" xmlns:xforms="http://www.w3.org/2002/xforms" xmlns:xsd="http://www.w3.org/2001/XMLSchema" xmlns:xsi="http://www.w3.org/2001/XMLSchema-instance" office:version="1.0">
  <office:scripts />
  <office:font-face-decls>
    <style:font-face style:name="Tahoma1" svg:font-family="Tahoma" />
    <style:font-face style:name="Times New Roman" svg:font-family="'Times New Roman'" style:font-family-generic="roman" style:font-pitch="variable" />
    <style:font-face style:name="Arial" svg:font-family="Arial" style:font-family-generic="swiss" style:font-pitch="variable" />
    <style:font-face style:name="Arial Unicode MS" svg:font-family="'Arial Unicode MS'" style:font-family-generic="system" style:font-pitch="variable" />
    <style:font-face style:name="MS Mincho" svg:font-family="'MS Mincho'" style:font-family-generic="system" style:font-pitch="variable" />
    <style:font-face style:name="Tahoma" svg:font-family="Tahoma" style:font-family-generic="system" style:font-pitch="variable" />
  </office:font-face-decls>
  <office:automatic-styles>
    <style:style style:name="T1" style:family="text">
      <style:text-properties fo:font-weight="bold" style:font-weight-asian="bold" style:font-weight-complex="bold" />
    </style:style>
    <style:style style:name="T2" style:family="text">
      <style:text-properties fo:font-style="italic" style:font-style-asian="italic" style:font-style-complex="italic" />
    </style:style>
    <style:style style:name="T3" style:family="text">
      <style:text-properties style:font-name="Times New Roman" fo:font-style="italic" fo:font-weight="bold" style:font-style-asian="italic" style:font-weight-asian="bold" style:font-style-complex="italic" style:font-weight-complex="bold" />
    </style:style>
  </office:automatic-styles>
  <office:body>
    <office:text>
      <office:forms form:automatic-focus="false" form:apply-design-mode="false" />
      <text:sequence-decls>
        <text:sequence-decl text:display-outline-level="0" text:name="Illustration" />
        <text:sequence-decl text:display-outline-level="0" text:name="Table" />
        <text:sequence-decl text:display-outline-level="0" text:name="Text" />
        <text:sequence-decl text:display-outline-level="0" text:name="Drawing" />
      </text:sequence-decls>
      <text:h text:style-name="Heading_20_1" text:outline-level="1" text:is-list-header="true">Beauftragung für Heinz Müller</text:h>
      <!-- Neuer Inhalt -->
      <text:h text:style-name="Heading_20_2" text:outline-level="2">Betreffende Person</text:h>
      <text:p text:style-name="Text_20_body">
        <text:span text:style-name="T1">Name: Herr Heinz Müller</text:span>
        <!-- 
        "T2"
        "T3"
        
        Neuer Inhalt

      -->
        <text:span text:style-name="T1">Telefon: tel:0123456789</text:span>
        <text:span text:style-name="T1">Webseite der Arbeitsstelle: http://www.mensageschirr.example.com</text:span>
      </text:p>
      <text:h text:style-name="Heading_20_3" text:outline-level="2">Zugewiesene Aufgaben</text:h>
      <text:p text:style-name="Text_20_body">
        <text:span text:style-name="T1">Bezeichnung: Tellerputzer in der Kantine</text:span>
      </text:p>
      <!-- Neuer Inhalt -->
      <text:p text:style-name="Standard" />
    </office:text>
  </office:body>
</office:document-content>

