<?xml version="1.0" encoding="UTF-8"?>
<office:document-meta xmlns:office="urn:oasis:names:tc:opendocument:xmlns:office:1.0" xmlns:xlink="http://www.w3.org/1999/xlink" xmlns:dc="http://purl.org/dc/elements/1.1/" xmlns:meta="urn:oasis:names:tc:opendocument:xmlns:meta:1.0" xmlns:ooo="http://openoffice.org/2004/office" office:version="1.0"><office:meta><meta:generator>OpenOffice.org/2.2$Win32 OpenOffice.org_project/680m18$Build-9161</meta:generator><meta:initial-creator>Martin n/a</meta:initial-creator><meta:creation-date>2008-11-03T04:01:37</meta:creation-date><dc:date>2008-11-06T15:39:24</dc:date><dc:language>de-DE</dc:language><meta:editing-cycles>3</meta:editing-cycles><meta:editing-duration>PT18M35S</meta:editing-duration><meta:user-defined meta:name="Info 1"/><meta:user-defined meta:name="Info 2"/><meta:user-defined meta:name="Info 3"/><meta:user-defined meta:name="Info 4"/><meta:document-statistic meta:table-count="0" meta:image-count="0" meta:object-count="0" meta:page-count="1" meta:paragraph-count="7" meta:word-count="22" meta:character-count="201"/></office:meta></office:document-meta>